{
	"result": [{
		"title": "Product 1",
		"qty": null,
		"price": null,
		"total": 3877410,
		"level": 1,
		"children": [{
			"title": "Sub Product 1",
			"qty": null,
			"price": null,
			"total": 3784812,
			"level": 2,
			"children": [{
				"title": "dummy text 1",
				"qty": 11,
				"price": 3,
				"total": 33,
				"level": 3
			}, {
				"title": "dummy text 2",
				"qty": 12,
				"price": 4,
				"total": 48,
				"level": 3
			}, {
				"title": "dummy text 3",
				"qty": 13,
				"price": 5,
				"total": 65,
				"level": 3
			}, {
				"title": "dummy text 4",
				"qty": 14,
				"price": 6,
				"total": 84,
				"level": 3
			}, {
				"title": "dummy text 20",
				"qty": 30,
				"price": 22,
				"total": 660,
				"level": 3
			}, {
				"title": "dummy text 26",
				"qty": 36,
				"price": 28,
				"total": 1008,
				"level": 3
			}, {
				"title": "dummy text 27",
				"qty": 37,
				"price": 29,
				"total": 1073,
				"level": 3
			}, {
				"title": "dummy text 28",
				"qty": 38,
				"price": 30,
				"total": 1140,
				"level": 3
			}, {
				"title": "dummy text 29",
				"qty": 39,
				"price": 31,
				"total": 1209,
				"level": 3
			}, {
				"title": "dummy text 33",
				"qty": 43,
				"price": 35,
				"total": 1505,
				"level": 3
			}, {
				"title": "dummy text 39",
				"qty": 49,
				"price": 41,
				"total": 2009,
				"level": 3
			}, {
				"title": "dummy text 40",
				"qty": 50,
				"price": 42,
				"total": 2100,
				"level": 3
			}, {
				"title": "dummy text 41",
				"qty": 51,
				"price": 43,
				"total": 2193,
				"level": 3
			}, {
				"title": "dummy text 42",
				"qty": 52,
				"price": 44,
				"total": 2288,
				"level": 3
			}, {
				"title": "dummy text 43",
				"qty": 53,
				"price": 45,
				"total": 2385,
				"level": 3
			}, {
				"title": "dummy text 44",
				"qty": 54,
				"price": 46,
				"total": 2484,
				"level": 3
			}, {
				"title": "dummy text 45",
				"qty": 55,
				"price": 47,
				"total": 2585,
				"level": 3
			}, {
				"title": "dummy text 46",
				"qty": 56,
				"price": 48,
				"total": 2688,
				"level": 3
			}, {
				"title": "dummy text 47",
				"qty": 57,
				"price": 49,
				"total": 2793,
				"level": 3
			}, {
				"title": "dummy text 48",
				"qty": 58,
				"price": 50,
				"total": 2900,
				"level": 3
			}, {
				"title": "dummy text 49",
				"qty": 59,
				"price": 51,
				"total": 3009,
				"level": 3
			}, {
				"title": "dummy text 136",
				"qty": 146,
				"price": 138,
				"total": 20148,
				"level": 3
			}, {
				"title": "dummy text 163",
				"qty": 173,
				"price": 165,
				"total": 28545,
				"level": 3
			}, {
				"title": "dummy text 177",
				"qty": 187,
				"price": 179,
				"total": 33473,
				"level": 3
			}, {
				"title": "dummy text 178",
				"qty": 188,
				"price": 180,
				"total": 33840,
				"level": 3
			}, {
				"title": "dummy text 179",
				"qty": 189,
				"price": 181,
				"total": 34209,
				"level": 3
			}, {
				"title": "dummy text 180",
				"qty": 190,
				"price": 182,
				"total": 34580,
				"level": 3
			}, {
				"title": "dummy text 181",
				"qty": 191,
				"price": 183,
				"total": 34953,
				"level": 3
			}, {
				"title": "dummy text 182",
				"qty": 192,
				"price": 184,
				"total": 35328,
				"level": 3
			}, {
				"title": "dummy text 183",
				"qty": 193,
				"price": 185,
				"total": 35705,
				"level": 3
			}, {
				"title": "dummy text 184",
				"qty": 194,
				"price": 186,
				"total": 36084,
				"level": 3
			}, {
				"title": "dummy text 185",
				"qty": 195,
				"price": 187,
				"total": 36465,
				"level": 3
			}, {
				"title": "dummy text 186",
				"qty": 196,
				"price": 188,
				"total": 36848,
				"level": 3
			}, {
				"title": "dummy text 187",
				"qty": 197,
				"price": 189,
				"total": 37233,
				"level": 3
			}, {
				"title": "dummy text 188",
				"qty": 198,
				"price": 190,
				"total": 37620,
				"level": 3
			}, {
				"title": "dummy text 189",
				"qty": 199,
				"price": 191,
				"total": 38009,
				"level": 3
			}, {
				"title": "dummy text 190",
				"qty": 200,
				"price": 192,
				"total": 38400,
				"level": 3
			}, {
				"title": "dummy text 191",
				"qty": 201,
				"price": 193,
				"total": 38793,
				"level": 3
			}, {
				"title": "dummy text 192",
				"qty": 202,
				"price": 194,
				"total": 39188,
				"level": 3
			}, {
				"title": "dummy text 193",
				"qty": 203,
				"price": 195,
				"total": 39585,
				"level": 3
			}, {
				"title": "dummy text 194",
				"qty": 204,
				"price": 196,
				"total": 39984,
				"level": 3
			}, {
				"title": "dummy text 195",
				"qty": 205,
				"price": 197,
				"total": 40385,
				"level": 3
			}, {
				"title": "dummy text 196",
				"qty": 206,
				"price": 198,
				"total": 40788,
				"level": 3
			}, {
				"title": "dummy text 197",
				"qty": 207,
				"price": 199,
				"total": 41193,
				"level": 3
			}, {
				"title": "dummy text 198",
				"qty": 208,
				"price": 200,
				"total": 41600,
				"level": 3
			}, {
				"title": "dummy text 199",
				"qty": 209,
				"price": 201,
				"total": 42009,
				"level": 3
			}, {
				"title": "dummy text 200",
				"qty": 210,
				"price": 202,
				"total": 42420,
				"level": 3
			}, {
				"title": "dummy text 201",
				"qty": 211,
				"price": 203,
				"total": 42833,
				"level": 3
			}, {
				"title": "dummy text 202",
				"qty": 212,
				"price": 204,
				"total": 43248,
				"level": 3
			}, {
				"title": "dummy text 203",
				"qty": 213,
				"price": 205,
				"total": 43665,
				"level": 3
			}, {
				"title": "dummy text 204",
				"qty": 214,
				"price": 206,
				"total": 44084,
				"level": 3
			}, {
				"title": "dummy text 205",
				"qty": 215,
				"price": 207,
				"total": 44505,
				"level": 3
			}, {
				"title": "dummy text 206",
				"qty": 216,
				"price": 208,
				"total": 44928,
				"level": 3
			}, {
				"title": "dummy text 207",
				"qty": 217,
				"price": 209,
				"total": 45353,
				"level": 3
			}, {
				"title": "dummy text 208",
				"qty": 218,
				"price": 210,
				"total": 45780,
				"level": 3
			}, {
				"title": "dummy text 209",
				"qty": 219,
				"price": 211,
				"total": 46209,
				"level": 3
			}, {
				"title": "dummy text 210",
				"qty": 220,
				"price": 212,
				"total": 46640,
				"level": 3
			}, {
				"title": "dummy text 211",
				"qty": 221,
				"price": 213,
				"total": 47073,
				"level": 3
			}, {
				"title": "dummy text 212",
				"qty": 222,
				"price": 214,
				"total": 47508,
				"level": 3
			}, {
				"title": "dummy text 213",
				"qty": 223,
				"price": 215,
				"total": 47945,
				"level": 3
			}, {
				"title": "dummy text 214",
				"qty": 224,
				"price": 216,
				"total": 48384,
				"level": 3
			}, {
				"title": "dummy text 215",
				"qty": 225,
				"price": 217,
				"total": 48825,
				"level": 3
			}, {
				"title": "dummy text 216",
				"qty": 226,
				"price": 218,
				"total": 49268,
				"level": 3
			}, {
				"title": "dummy text 217",
				"qty": 227,
				"price": 219,
				"total": 49713,
				"level": 3
			}, {
				"title": "dummy text 218",
				"qty": 228,
				"price": 220,
				"total": 50160,
				"level": 3
			}, {
				"title": "dummy text 219",
				"qty": 229,
				"price": 221,
				"total": 50609,
				"level": 3
			}, {
				"title": "dummy text 220",
				"qty": 230,
				"price": 222,
				"total": 51060,
				"level": 3
			}, {
				"title": "dummy text 221",
				"qty": 231,
				"price": 223,
				"total": 51513,
				"level": 3
			}, {
				"title": "dummy text 223",
				"qty": 233,
				"price": 225,
				"total": 52425,
				"level": 3
			}, {
				"title": "dummy text 224",
				"qty": 234,
				"price": 226,
				"total": 52884,
				"level": 3
			}, {
				"title": "dummy text 226",
				"qty": 236,
				"price": 228,
				"total": 53808,
				"level": 3
			}, {
				"title": "dummy text 227",
				"qty": 237,
				"price": 229,
				"total": 54273,
				"level": 3
			}, {
				"title": "dummy text 228",
				"qty": 238,
				"price": 230,
				"total": 54740,
				"level": 3
			}, {
				"title": "dummy text 244",
				"qty": 254,
				"price": 246,
				"total": 62484,
				"level": 3
			}, {
				"title": "dummy text 245",
				"qty": 255,
				"price": 247,
				"total": 62985,
				"level": 3
			}, {
				"title": "dummy text 246",
				"qty": 256,
				"price": 248,
				"total": 63488,
				"level": 3
			}, {
				"title": "dummy text 247",
				"qty": 257,
				"price": 249,
				"total": 63993,
				"level": 3
			}, {
				"title": "dummy text 248",
				"qty": 258,
				"price": 250,
				"total": 64500,
				"level": 3
			}, {
				"title": "dummy text 249",
				"qty": 259,
				"price": 251,
				"total": 65009,
				"level": 3
			}, {
				"title": "dummy text 250",
				"qty": 260,
				"price": 252,
				"total": 65520,
				"level": 3
			}, {
				"title": "dummy text 251",
				"qty": 261,
				"price": 253,
				"total": 66033,
				"level": 3
			}, {
				"title": "dummy text 252",
				"qty": 262,
				"price": 254,
				"total": 66548,
				"level": 3
			}, {
				"title": "dummy text 253",
				"qty": 263,
				"price": 255,
				"total": 67065,
				"level": 3
			}, {
				"title": "dummy text 254",
				"qty": 264,
				"price": 256,
				"total": 67584,
				"level": 3
			}, {
				"title": "dummy text 255",
				"qty": 265,
				"price": 257,
				"total": 68105,
				"level": 3
			}, {
				"title": "dummy text 256",
				"qty": 266,
				"price": 258,
				"total": 68628,
				"level": 3
			}, {
				"title": "dummy text 257",
				"qty": 267,
				"price": 259,
				"total": 69153,
				"level": 3
			}, {
				"title": "dummy text 778",
				"qty": 788,
				"price": 780,
				"total": 614640,
				"level": 3
			}]
		}, {
			"title": "Sub Product 2",
			"qty": null,
			"price": null,
			"total": 92598,
			"level": 2,
			"children": [{
				"title": "dummy text 7",
				"qty": 17,
				"price": 9,
				"total": 153,
				"level": 3
			}, {
				"title": "dummy text 8",
				"qty": 18,
				"price": 10,
				"total": 180,
				"level": 3
			}, {
				"title": "dummy text 19",
				"qty": 29,
				"price": 21,
				"total": 609,
				"level": 3
			}, {
				"title": "dummy text 176",
				"qty": 186,
				"price": 178,
				"total": 33108,
				"level": 3
			}, {
				"title": "dummy text 236",
				"qty": 246,
				"price": 238,
				"total": 58548,
				"level": 3
			}]
		}]
	}, {
		"title": "Product 4",
		"qty": null,
		"price": null,
		"total": 773998,
		"level": 1,
		"children": [{
			"title": "Sub Product 6",
			"qty": null,
			"price": null,
			"total": 767829,
			"level": 2,
			"children": [{
				"title": "dummy text 5",
				"qty": 15,
				"price": 7,
				"total": 105,
				"level": 3
			}, {
				"title": "dummy text 6",
				"qty": 16,
				"price": 8,
				"total": 128,
				"level": 3
			}, {
				"title": "dummy text 17",
				"qty": 27,
				"price": 19,
				"total": 513,
				"level": 3
			}, {
				"title": "dummy text 18",
				"qty": 28,
				"price": 20,
				"total": 560,
				"level": 3
			}, {
				"title": "dummy text 21",
				"qty": 31,
				"price": 23,
				"total": 713,
				"level": 3
			}, {
				"title": "dummy text 22",
				"qty": 32,
				"price": 24,
				"total": 768,
				"level": 3
			}, {
				"title": "dummy text 23",
				"qty": 33,
				"price": 25,
				"total": 825,
				"level": 3
			}, {
				"title": "dummy text 25",
				"qty": 35,
				"price": 27,
				"total": 945,
				"level": 3
			}, {
				"title": "dummy text 32",
				"qty": 42,
				"price": 34,
				"total": 1428,
				"level": 3
			}, {
				"title": "dummy text 34",
				"qty": 44,
				"price": 36,
				"total": 1584,
				"level": 3
			}, {
				"title": "dummy text 35",
				"qty": 45,
				"price": 37,
				"total": 1665,
				"level": 3
			}, {
				"title": "dummy text 36",
				"qty": 46,
				"price": 38,
				"total": 1748,
				"level": 3
			}, {
				"title": "dummy text 125",
				"qty": 135,
				"price": 127,
				"total": 17145,
				"level": 3
			}, {
				"title": "dummy text 137",
				"qty": 147,
				"price": 139,
				"total": 20433,
				"level": 3
			}, {
				"title": "dummy text 141",
				"qty": 151,
				"price": 143,
				"total": 21593,
				"level": 3
			}, {
				"title": "dummy text 142",
				"qty": 152,
				"price": 144,
				"total": 21888,
				"level": 3
			}, {
				"title": "dummy text 143",
				"qty": 153,
				"price": 145,
				"total": 22185,
				"level": 3
			}, {
				"title": "dummy text 144",
				"qty": 154,
				"price": 146,
				"total": 22484,
				"level": 3
			}, {
				"title": "dummy text 145",
				"qty": 155,
				"price": 147,
				"total": 22785,
				"level": 3
			}, {
				"title": "dummy text 146",
				"qty": 156,
				"price": 148,
				"total": 23088,
				"level": 3
			}, {
				"title": "dummy text 147",
				"qty": 157,
				"price": 149,
				"total": 23393,
				"level": 3
			}, {
				"title": "dummy text 148",
				"qty": 158,
				"price": 150,
				"total": 23700,
				"level": 3
			}, {
				"title": "dummy text 149",
				"qty": 159,
				"price": 151,
				"total": 24009,
				"level": 3
			}, {
				"title": "dummy text 150",
				"qty": 160,
				"price": 152,
				"total": 24320,
				"level": 3
			}, {
				"title": "dummy text 151",
				"qty": 161,
				"price": 153,
				"total": 24633,
				"level": 3
			}, {
				"title": "dummy text 152",
				"qty": 162,
				"price": 154,
				"total": 24948,
				"level": 3
			}, {
				"title": "dummy text 153",
				"qty": 163,
				"price": 155,
				"total": 25265,
				"level": 3
			}, {
				"title": "dummy text 154",
				"qty": 164,
				"price": 156,
				"total": 25584,
				"level": 3
			}, {
				"title": "dummy text 155",
				"qty": 165,
				"price": 157,
				"total": 25905,
				"level": 3
			}, {
				"title": "dummy text 156",
				"qty": 166,
				"price": 158,
				"total": 26228,
				"level": 3
			}, {
				"title": "dummy text 157",
				"qty": 167,
				"price": 159,
				"total": 26553,
				"level": 3
			}, {
				"title": "dummy text 158",
				"qty": 168,
				"price": 160,
				"total": 26880,
				"level": 3
			}, {
				"title": "dummy text 159",
				"qty": 169,
				"price": 161,
				"total": 27209,
				"level": 3
			}, {
				"title": "dummy text 160",
				"qty": 170,
				"price": 162,
				"total": 27540,
				"level": 3
			}, {
				"title": "dummy text 161",
				"qty": 171,
				"price": 163,
				"total": 27873,
				"level": 3
			}, {
				"title": "dummy text 175",
				"qty": 185,
				"price": 177,
				"total": 32745,
				"level": 3
			}, {
				"title": "dummy text 230",
				"qty": 240,
				"price": 232,
				"total": 55680,
				"level": 3
			}, {
				"title": "dummy text 231",
				"qty": 241,
				"price": 233,
				"total": 56153,
				"level": 3
			}, {
				"title": "dummy text 232",
				"qty": 242,
				"price": 234,
				"total": 56628,
				"level": 3
			}]
		}, {
			"title": "Sub Product 12",
			"qty": null,
			"price": null,
			"total": 6169,
			"level": 2,
			"children": [{
				"title": "dummy text 9",
				"qty": 19,
				"price": 11,
				"total": 209,
				"level": 3
			}, {
				"title": "dummy text 10",
				"qty": 20,
				"price": 12,
				"total": 240,
				"level": 3
			}, {
				"title": "dummy text 11",
				"qty": 21,
				"price": 13,
				"total": 273,
				"level": 3
			}, {
				"title": "dummy text 12",
				"qty": 22,
				"price": 14,
				"total": 308,
				"level": 3
			}, {
				"title": "dummy text 13",
				"qty": 23,
				"price": 15,
				"total": 345,
				"level": 3
			}, {
				"title": "dummy text 14",
				"qty": 24,
				"price": 16,
				"total": 384,
				"level": 3
			}, {
				"title": "dummy text 15",
				"qty": 25,
				"price": 17,
				"total": 425,
				"level": 3
			}, {
				"title": "dummy text 16",
				"qty": 26,
				"price": 18,
				"total": 468,
				"level": 3
			}, {
				"title": "dummy text 24",
				"qty": 34,
				"price": 26,
				"total": 884,
				"level": 3
			}, {
				"title": "dummy text 30",
				"qty": 40,
				"price": 32,
				"total": 1280,
				"level": 3
			}, {
				"title": "dummy text 31",
				"qty": 41,
				"price": 33,
				"total": 1353,
				"level": 3
			}]
		}]
	}, {
		"title": "Product 2",
		"qty": null,
		"price": null,
		"total": 1940774,
		"level": 1,
		"children": [{
			"title": "Sub Product 3",
			"qty": null,
			"price": null,
			"total": 1940774,
			"level": 2,
			"children": [{
				"title": "dummy text 37",
				"qty": 47,
				"price": 39,
				"total": 1833,
				"level": 3
			}, {
				"title": "dummy text 50",
				"qty": 60,
				"price": 52,
				"total": 3120,
				"level": 3
			}, {
				"title": "dummy text 51",
				"qty": 61,
				"price": 53,
				"total": 3233,
				"level": 3
			}, {
				"title": "dummy text 52",
				"qty": 62,
				"price": 54,
				"total": 3348,
				"level": 3
			}, {
				"title": "dummy text 53",
				"qty": 63,
				"price": 55,
				"total": 3465,
				"level": 3
			}, {
				"title": "dummy text 54",
				"qty": 64,
				"price": 56,
				"total": 3584,
				"level": 3
			}, {
				"title": "dummy text 55",
				"qty": 65,
				"price": 57,
				"total": 3705,
				"level": 3
			}, {
				"title": "dummy text 56",
				"qty": 66,
				"price": 58,
				"total": 3828,
				"level": 3
			}, {
				"title": "dummy text 57",
				"qty": 67,
				"price": 59,
				"total": 3953,
				"level": 3
			}, {
				"title": "dummy text 58",
				"qty": 68,
				"price": 60,
				"total": 4080,
				"level": 3
			}, {
				"title": "dummy text 59",
				"qty": 69,
				"price": 61,
				"total": 4209,
				"level": 3
			}, {
				"title": "dummy text 60",
				"qty": 70,
				"price": 62,
				"total": 4340,
				"level": 3
			}, {
				"title": "dummy text 61",
				"qty": 71,
				"price": 63,
				"total": 4473,
				"level": 3
			}, {
				"title": "dummy text 62",
				"qty": 72,
				"price": 64,
				"total": 4608,
				"level": 3
			}, {
				"title": "dummy text 63",
				"qty": 73,
				"price": 65,
				"total": 4745,
				"level": 3
			}, {
				"title": "dummy text 64",
				"qty": 74,
				"price": 66,
				"total": 4884,
				"level": 3
			}, {
				"title": "dummy text 65",
				"qty": 75,
				"price": 67,
				"total": 5025,
				"level": 3
			}, {
				"title": "dummy text 66",
				"qty": 76,
				"price": 68,
				"total": 5168,
				"level": 3
			}, {
				"title": "dummy text 67",
				"qty": 77,
				"price": 69,
				"total": 5313,
				"level": 3
			}, {
				"title": "dummy text 68",
				"qty": 78,
				"price": 70,
				"total": 5460,
				"level": 3
			}, {
				"title": "dummy text 69",
				"qty": 79,
				"price": 71,
				"total": 5609,
				"level": 3
			}, {
				"title": "dummy text 70",
				"qty": 80,
				"price": 72,
				"total": 5760,
				"level": 3
			}, {
				"title": "dummy text 71",
				"qty": 81,
				"price": 73,
				"total": 5913,
				"level": 3
			}, {
				"title": "dummy text 72",
				"qty": 82,
				"price": 74,
				"total": 6068,
				"level": 3
			}, {
				"title": "dummy text 74",
				"qty": 84,
				"price": 76,
				"total": 6384,
				"level": 3
			}, {
				"title": "dummy text 75",
				"qty": 85,
				"price": 77,
				"total": 6545,
				"level": 3
			}, {
				"title": "dummy text 76",
				"qty": 86,
				"price": 78,
				"total": 6708,
				"level": 3
			}, {
				"title": "dummy text 77",
				"qty": 87,
				"price": 79,
				"total": 6873,
				"level": 3
			}, {
				"title": "dummy text 78",
				"qty": 88,
				"price": 80,
				"total": 7040,
				"level": 3
			}, {
				"title": "dummy text 79",
				"qty": 89,
				"price": 81,
				"total": 7209,
				"level": 3
			}, {
				"title": "dummy text 80",
				"qty": 90,
				"price": 82,
				"total": 7380,
				"level": 3
			}, {
				"title": "dummy text 81",
				"qty": 91,
				"price": 83,
				"total": 7553,
				"level": 3
			}, {
				"title": "dummy text 82",
				"qty": 92,
				"price": 84,
				"total": 7728,
				"level": 3
			}, {
				"title": "dummy text 83",
				"qty": 93,
				"price": 85,
				"total": 7905,
				"level": 3
			}, {
				"title": "dummy text 84",
				"qty": 94,
				"price": 86,
				"total": 8084,
				"level": 3
			}, {
				"title": "dummy text 85",
				"qty": 95,
				"price": 87,
				"total": 8265,
				"level": 3
			}, {
				"title": "dummy text 86",
				"qty": 96,
				"price": 88,
				"total": 8448,
				"level": 3
			}, {
				"title": "dummy text 87",
				"qty": 97,
				"price": 89,
				"total": 8633,
				"level": 3
			}, {
				"title": "dummy text 88",
				"qty": 98,
				"price": 90,
				"total": 8820,
				"level": 3
			}, {
				"title": "dummy text 89",
				"qty": 99,
				"price": 91,
				"total": 9009,
				"level": 3
			}, {
				"title": "dummy text 90",
				"qty": 100,
				"price": 92,
				"total": 9200,
				"level": 3
			}, {
				"title": "dummy text 91",
				"qty": 101,
				"price": 93,
				"total": 9393,
				"level": 3
			}, {
				"title": "dummy text 92",
				"qty": 102,
				"price": 94,
				"total": 9588,
				"level": 3
			}, {
				"title": "dummy text 93",
				"qty": 103,
				"price": 95,
				"total": 9785,
				"level": 3
			}, {
				"title": "dummy text 94",
				"qty": 104,
				"price": 96,
				"total": 9984,
				"level": 3
			}, {
				"title": "dummy text 95",
				"qty": 105,
				"price": 97,
				"total": 10185,
				"level": 3
			}, {
				"title": "dummy text 96",
				"qty": 106,
				"price": 98,
				"total": 10388,
				"level": 3
			}, {
				"title": "dummy text 97",
				"qty": 107,
				"price": 99,
				"total": 10593,
				"level": 3
			}, {
				"title": "dummy text 98",
				"qty": 108,
				"price": 100,
				"total": 10800,
				"level": 3
			}, {
				"title": "dummy text 99",
				"qty": 109,
				"price": 101,
				"total": 11009,
				"level": 3
			}, {
				"title": "dummy text 100",
				"qty": 110,
				"price": 102,
				"total": 11220,
				"level": 3
			}, {
				"title": "dummy text 101",
				"qty": 111,
				"price": 103,
				"total": 11433,
				"level": 3
			}, {
				"title": "dummy text 102",
				"qty": 112,
				"price": 104,
				"total": 11648,
				"level": 3
			}, {
				"title": "dummy text 103",
				"qty": 113,
				"price": 105,
				"total": 11865,
				"level": 3
			}, {
				"title": "dummy text 104",
				"qty": 114,
				"price": 106,
				"total": 12084,
				"level": 3
			}, {
				"title": "dummy text 105",
				"qty": 115,
				"price": 107,
				"total": 12305,
				"level": 3
			}, {
				"title": "dummy text 106",
				"qty": 116,
				"price": 108,
				"total": 12528,
				"level": 3
			}, {
				"title": "dummy text 107",
				"qty": 117,
				"price": 109,
				"total": 12753,
				"level": 3
			}, {
				"title": "dummy text 108",
				"qty": 118,
				"price": 110,
				"total": 12980,
				"level": 3
			}, {
				"title": "dummy text 109",
				"qty": 119,
				"price": 111,
				"total": 13209,
				"level": 3
			}, {
				"title": "dummy text 110",
				"qty": 120,
				"price": 112,
				"total": 13440,
				"level": 3
			}, {
				"title": "dummy text 111",
				"qty": 121,
				"price": 113,
				"total": 13673,
				"level": 3
			}, {
				"title": "dummy text 112",
				"qty": 122,
				"price": 114,
				"total": 13908,
				"level": 3
			}, {
				"title": "dummy text 113",
				"qty": 123,
				"price": 115,
				"total": 14145,
				"level": 3
			}, {
				"title": "dummy text 114",
				"qty": 124,
				"price": 116,
				"total": 14384,
				"level": 3
			}, {
				"title": "dummy text 115",
				"qty": 125,
				"price": 117,
				"total": 14625,
				"level": 3
			}, {
				"title": "dummy text 116",
				"qty": 126,
				"price": 118,
				"total": 14868,
				"level": 3
			}, {
				"title": "dummy text 117",
				"qty": 127,
				"price": 119,
				"total": 15113,
				"level": 3
			}, {
				"title": "dummy text 118",
				"qty": 128,
				"price": 120,
				"total": 15360,
				"level": 3
			}, {
				"title": "dummy text 119",
				"qty": 129,
				"price": 121,
				"total": 15609,
				"level": 3
			}, {
				"title": "dummy text 120",
				"qty": 130,
				"price": 122,
				"total": 15860,
				"level": 3
			}, {
				"title": "dummy text 121",
				"qty": 131,
				"price": 123,
				"total": 16113,
				"level": 3
			}, {
				"title": "dummy text 122",
				"qty": 132,
				"price": 124,
				"total": 16368,
				"level": 3
			}, {
				"title": "dummy text 123",
				"qty": 133,
				"price": 125,
				"total": 16625,
				"level": 3
			}, {
				"title": "dummy text 124",
				"qty": 134,
				"price": 126,
				"total": 16884,
				"level": 3
			}, {
				"title": "dummy text 126",
				"qty": 136,
				"price": 128,
				"total": 17408,
				"level": 3
			}, {
				"title": "dummy text 127",
				"qty": 137,
				"price": 129,
				"total": 17673,
				"level": 3
			}, {
				"title": "dummy text 128",
				"qty": 138,
				"price": 130,
				"total": 17940,
				"level": 3
			}, {
				"title": "dummy text 129",
				"qty": 139,
				"price": 131,
				"total": 18209,
				"level": 3
			}, {
				"title": "dummy text 130",
				"qty": 140,
				"price": 132,
				"total": 18480,
				"level": 3
			}, {
				"title": "dummy text 131",
				"qty": 141,
				"price": 133,
				"total": 18753,
				"level": 3
			}, {
				"title": "dummy text 132",
				"qty": 142,
				"price": 134,
				"total": 19028,
				"level": 3
			}, {
				"title": "dummy text 133",
				"qty": 143,
				"price": 135,
				"total": 19305,
				"level": 3
			}, {
				"title": "dummy text 134",
				"qty": 144,
				"price": 136,
				"total": 19584,
				"level": 3
			}, {
				"title": "dummy text 135",
				"qty": 145,
				"price": 137,
				"total": 19865,
				"level": 3
			}, {
				"title": "dummy text 138",
				"qty": 148,
				"price": 140,
				"total": 20720,
				"level": 3
			}, {
				"title": "dummy text 139",
				"qty": 149,
				"price": 141,
				"total": 21009,
				"level": 3
			}, {
				"title": "dummy text 140",
				"qty": 150,
				"price": 142,
				"total": 21300,
				"level": 3
			}, {
				"title": "dummy text 162",
				"qty": 172,
				"price": 164,
				"total": 28208,
				"level": 3
			}, {
				"title": "dummy text 164",
				"qty": 174,
				"price": 166,
				"total": 28884,
				"level": 3
			}, {
				"title": "dummy text 165",
				"qty": 175,
				"price": 167,
				"total": 29225,
				"level": 3
			}, {
				"title": "dummy text 166",
				"qty": 176,
				"price": 168,
				"total": 29568,
				"level": 3
			}, {
				"title": "dummy text 167",
				"qty": 177,
				"price": 169,
				"total": 29913,
				"level": 3
			}, {
				"title": "dummy text 168",
				"qty": 178,
				"price": 170,
				"total": 30260,
				"level": 3
			}, {
				"title": "dummy text 169",
				"qty": 179,
				"price": 171,
				"total": 30609,
				"level": 3
			}, {
				"title": "dummy text 170",
				"qty": 180,
				"price": 172,
				"total": 30960,
				"level": 3
			}, {
				"title": "dummy text 171",
				"qty": 181,
				"price": 173,
				"total": 31313,
				"level": 3
			}, {
				"title": "dummy text 172",
				"qty": 182,
				"price": 174,
				"total": 31668,
				"level": 3
			}, {
				"title": "dummy text 173",
				"qty": 183,
				"price": 175,
				"total": 32025,
				"level": 3
			}, {
				"title": "dummy text 174",
				"qty": 184,
				"price": 176,
				"total": 32384,
				"level": 3
			}, {
				"title": "dummy text 222",
				"qty": 232,
				"price": 224,
				"total": 51968,
				"level": 3
			}, {
				"title": "dummy text 233",
				"qty": 243,
				"price": 235,
				"total": 57105,
				"level": 3
			}, {
				"title": "dummy text 234",
				"qty": 244,
				"price": 236,
				"total": 57584,
				"level": 3
			}, {
				"title": "dummy text 235",
				"qty": 245,
				"price": 237,
				"total": 58065,
				"level": 3
			}, {
				"title": "dummy text 237",
				"qty": 247,
				"price": 239,
				"total": 59033,
				"level": 3
			}, {
				"title": "dummy text 238",
				"qty": 248,
				"price": 240,
				"total": 59520,
				"level": 3
			}, {
				"title": "dummy text 239",
				"qty": 249,
				"price": 241,
				"total": 60009,
				"level": 3
			}, {
				"title": "dummy text 240",
				"qty": 250,
				"price": 242,
				"total": 60500,
				"level": 3
			}, {
				"title": "dummy text 241",
				"qty": 251,
				"price": 243,
				"total": 60993,
				"level": 3
			}, {
				"title": "dummy text 242",
				"qty": 252,
				"price": 244,
				"total": 61488,
				"level": 3
			}, {
				"title": "dummy text 243",
				"qty": 253,
				"price": 245,
				"total": 61985,
				"level": 3
			}]
		}]
	}, {
		"title": "Product 8",
		"qty": null,
		"price": null,
		"total": 154450109,
		"level": 1,
		"children": [{
			"title": "Sub Product 11",
			"qty": null,
			"price": null,
			"total": 154450109,
			"level": 2,
			"children": [{
				"title": "dummy text 38",
				"qty": 48,
				"price": 40,
				"total": 1920,
				"level": 3
			}, {
				"title": "dummy text 73",
				"qty": 83,
				"price": 75,
				"total": 6225,
				"level": 3
			}, {
				"title": "dummy text 225",
				"qty": 235,
				"price": 227,
				"total": 53345,
				"level": 3
			}, {
				"title": "dummy text 229",
				"qty": 239,
				"price": 231,
				"total": 55209,
				"level": 3
			}, {
				"title": "dummy text 265",
				"qty": 275,
				"price": 267,
				"total": 73425,
				"level": 3
			}, {
				"title": "dummy text 266",
				"qty": 276,
				"price": 268,
				"total": 73968,
				"level": 3
			}, {
				"title": "dummy text 267",
				"qty": 277,
				"price": 269,
				"total": 74513,
				"level": 3
			}, {
				"title": "dummy text 268",
				"qty": 278,
				"price": 270,
				"total": 75060,
				"level": 3
			}, {
				"title": "dummy text 269",
				"qty": 279,
				"price": 271,
				"total": 75609,
				"level": 3
			}, {
				"title": "dummy text 270",
				"qty": 280,
				"price": 272,
				"total": 76160,
				"level": 3
			}, {
				"title": "dummy text 271",
				"qty": 281,
				"price": 273,
				"total": 76713,
				"level": 3
			}, {
				"title": "dummy text 272",
				"qty": 282,
				"price": 274,
				"total": 77268,
				"level": 3
			}, {
				"title": "dummy text 273",
				"qty": 283,
				"price": 275,
				"total": 77825,
				"level": 3
			}, {
				"title": "dummy text 274",
				"qty": 284,
				"price": 276,
				"total": 78384,
				"level": 3
			}, {
				"title": "dummy text 275",
				"qty": 285,
				"price": 277,
				"total": 78945,
				"level": 3
			}, {
				"title": "dummy text 276",
				"qty": 286,
				"price": 278,
				"total": 79508,
				"level": 3
			}, {
				"title": "dummy text 277",
				"qty": 287,
				"price": 279,
				"total": 80073,
				"level": 3
			}, {
				"title": "dummy text 278",
				"qty": 288,
				"price": 280,
				"total": 80640,
				"level": 3
			}, {
				"title": "dummy text 279",
				"qty": 289,
				"price": 281,
				"total": 81209,
				"level": 3
			}, {
				"title": "dummy text 280",
				"qty": 290,
				"price": 282,
				"total": 81780,
				"level": 3
			}, {
				"title": "dummy text 281",
				"qty": 291,
				"price": 283,
				"total": 82353,
				"level": 3
			}, {
				"title": "dummy text 282",
				"qty": 292,
				"price": 284,
				"total": 82928,
				"level": 3
			}, {
				"title": "dummy text 283",
				"qty": 293,
				"price": 285,
				"total": 83505,
				"level": 3
			}, {
				"title": "dummy text 284",
				"qty": 294,
				"price": 286,
				"total": 84084,
				"level": 3
			}, {
				"title": "dummy text 285",
				"qty": 295,
				"price": 287,
				"total": 84665,
				"level": 3
			}, {
				"title": "dummy text 286",
				"qty": 296,
				"price": 288,
				"total": 85248,
				"level": 3
			}, {
				"title": "dummy text 287",
				"qty": 297,
				"price": 289,
				"total": 85833,
				"level": 3
			}, {
				"title": "dummy text 288",
				"qty": 298,
				"price": 290,
				"total": 86420,
				"level": 3
			}, {
				"title": "dummy text 289",
				"qty": 299,
				"price": 291,
				"total": 87009,
				"level": 3
			}, {
				"title": "dummy text 290",
				"qty": 300,
				"price": 292,
				"total": 87600,
				"level": 3
			}, {
				"title": "dummy text 291",
				"qty": 301,
				"price": 293,
				"total": 88193,
				"level": 3
			}, {
				"title": "dummy text 292",
				"qty": 302,
				"price": 294,
				"total": 88788,
				"level": 3
			}, {
				"title": "dummy text 293",
				"qty": 303,
				"price": 295,
				"total": 89385,
				"level": 3
			}, {
				"title": "dummy text 294",
				"qty": 304,
				"price": 296,
				"total": 89984,
				"level": 3
			}, {
				"title": "dummy text 295",
				"qty": 305,
				"price": 297,
				"total": 90585,
				"level": 3
			}, {
				"title": "dummy text 296",
				"qty": 306,
				"price": 298,
				"total": 91188,
				"level": 3
			}, {
				"title": "dummy text 297",
				"qty": 307,
				"price": 299,
				"total": 91793,
				"level": 3
			}, {
				"title": "dummy text 298",
				"qty": 308,
				"price": 300,
				"total": 92400,
				"level": 3
			}, {
				"title": "dummy text 299",
				"qty": 309,
				"price": 301,
				"total": 93009,
				"level": 3
			}, {
				"title": "dummy text 300",
				"qty": 310,
				"price": 302,
				"total": 93620,
				"level": 3
			}, {
				"title": "dummy text 301",
				"qty": 311,
				"price": 303,
				"total": 94233,
				"level": 3
			}, {
				"title": "dummy text 302",
				"qty": 312,
				"price": 304,
				"total": 94848,
				"level": 3
			}, {
				"title": "dummy text 303",
				"qty": 313,
				"price": 305,
				"total": 95465,
				"level": 3
			}, {
				"title": "dummy text 304",
				"qty": 314,
				"price": 306,
				"total": 96084,
				"level": 3
			}, {
				"title": "dummy text 305",
				"qty": 315,
				"price": 307,
				"total": 96705,
				"level": 3
			}, {
				"title": "dummy text 306",
				"qty": 316,
				"price": 308,
				"total": 97328,
				"level": 3
			}, {
				"title": "dummy text 307",
				"qty": 317,
				"price": 309,
				"total": 97953,
				"level": 3
			}, {
				"title": "dummy text 308",
				"qty": 318,
				"price": 310,
				"total": 98580,
				"level": 3
			}, {
				"title": "dummy text 309",
				"qty": 319,
				"price": 311,
				"total": 99209,
				"level": 3
			}, {
				"title": "dummy text 310",
				"qty": 320,
				"price": 312,
				"total": 99840,
				"level": 3
			}, {
				"title": "dummy text 311",
				"qty": 321,
				"price": 313,
				"total": 100473,
				"level": 3
			}, {
				"title": "dummy text 312",
				"qty": 322,
				"price": 314,
				"total": 101108,
				"level": 3
			}, {
				"title": "dummy text 313",
				"qty": 323,
				"price": 315,
				"total": 101745,
				"level": 3
			}, {
				"title": "dummy text 314",
				"qty": 324,
				"price": 316,
				"total": 102384,
				"level": 3
			}, {
				"title": "dummy text 315",
				"qty": 325,
				"price": 317,
				"total": 103025,
				"level": 3
			}, {
				"title": "dummy text 316",
				"qty": 326,
				"price": 318,
				"total": 103668,
				"level": 3
			}, {
				"title": "dummy text 317",
				"qty": 327,
				"price": 319,
				"total": 104313,
				"level": 3
			}, {
				"title": "dummy text 318",
				"qty": 328,
				"price": 320,
				"total": 104960,
				"level": 3
			}, {
				"title": "dummy text 319",
				"qty": 329,
				"price": 321,
				"total": 105609,
				"level": 3
			}, {
				"title": "dummy text 320",
				"qty": 330,
				"price": 322,
				"total": 106260,
				"level": 3
			}, {
				"title": "dummy text 321",
				"qty": 331,
				"price": 323,
				"total": 106913,
				"level": 3
			}, {
				"title": "dummy text 322",
				"qty": 332,
				"price": 324,
				"total": 107568,
				"level": 3
			}, {
				"title": "dummy text 323",
				"qty": 333,
				"price": 325,
				"total": 108225,
				"level": 3
			}, {
				"title": "dummy text 324",
				"qty": 334,
				"price": 326,
				"total": 108884,
				"level": 3
			}, {
				"title": "dummy text 325",
				"qty": 335,
				"price": 327,
				"total": 109545,
				"level": 3
			}, {
				"title": "dummy text 326",
				"qty": 336,
				"price": 328,
				"total": 110208,
				"level": 3
			}, {
				"title": "dummy text 327",
				"qty": 337,
				"price": 329,
				"total": 110873,
				"level": 3
			}, {
				"title": "dummy text 328",
				"qty": 338,
				"price": 330,
				"total": 111540,
				"level": 3
			}, {
				"title": "dummy text 329",
				"qty": 339,
				"price": 331,
				"total": 112209,
				"level": 3
			}, {
				"title": "dummy text 330",
				"qty": 340,
				"price": 332,
				"total": 112880,
				"level": 3
			}, {
				"title": "dummy text 331",
				"qty": 341,
				"price": 333,
				"total": 113553,
				"level": 3
			}, {
				"title": "dummy text 332",
				"qty": 342,
				"price": 334,
				"total": 114228,
				"level": 3
			}, {
				"title": "dummy text 333",
				"qty": 343,
				"price": 335,
				"total": 114905,
				"level": 3
			}, {
				"title": "dummy text 334",
				"qty": 344,
				"price": 336,
				"total": 115584,
				"level": 3
			}, {
				"title": "dummy text 335",
				"qty": 345,
				"price": 337,
				"total": 116265,
				"level": 3
			}, {
				"title": "dummy text 336",
				"qty": 346,
				"price": 338,
				"total": 116948,
				"level": 3
			}, {
				"title": "dummy text 337",
				"qty": 347,
				"price": 339,
				"total": 117633,
				"level": 3
			}, {
				"title": "dummy text 338",
				"qty": 348,
				"price": 340,
				"total": 118320,
				"level": 3
			}, {
				"title": "dummy text 339",
				"qty": 349,
				"price": 341,
				"total": 119009,
				"level": 3
			}, {
				"title": "dummy text 340",
				"qty": 350,
				"price": 342,
				"total": 119700,
				"level": 3
			}, {
				"title": "dummy text 341",
				"qty": 351,
				"price": 343,
				"total": 120393,
				"level": 3
			}, {
				"title": "dummy text 342",
				"qty": 352,
				"price": 344,
				"total": 121088,
				"level": 3
			}, {
				"title": "dummy text 343",
				"qty": 353,
				"price": 345,
				"total": 121785,
				"level": 3
			}, {
				"title": "dummy text 344",
				"qty": 354,
				"price": 346,
				"total": 122484,
				"level": 3
			}, {
				"title": "dummy text 345",
				"qty": 355,
				"price": 347,
				"total": 123185,
				"level": 3
			}, {
				"title": "dummy text 346",
				"qty": 356,
				"price": 348,
				"total": 123888,
				"level": 3
			}, {
				"title": "dummy text 347",
				"qty": 357,
				"price": 349,
				"total": 124593,
				"level": 3
			}, {
				"title": "dummy text 348",
				"qty": 358,
				"price": 350,
				"total": 125300,
				"level": 3
			}, {
				"title": "dummy text 349",
				"qty": 359,
				"price": 351,
				"total": 126009,
				"level": 3
			}, {
				"title": "dummy text 350",
				"qty": 360,
				"price": 352,
				"total": 126720,
				"level": 3
			}, {
				"title": "dummy text 351",
				"qty": 361,
				"price": 353,
				"total": 127433,
				"level": 3
			}, {
				"title": "dummy text 352",
				"qty": 362,
				"price": 354,
				"total": 128148,
				"level": 3
			}, {
				"title": "dummy text 353",
				"qty": 363,
				"price": 355,
				"total": 128865,
				"level": 3
			}, {
				"title": "dummy text 354",
				"qty": 364,
				"price": 356,
				"total": 129584,
				"level": 3
			}, {
				"title": "dummy text 355",
				"qty": 365,
				"price": 357,
				"total": 130305,
				"level": 3
			}, {
				"title": "dummy text 356",
				"qty": 366,
				"price": 358,
				"total": 131028,
				"level": 3
			}, {
				"title": "dummy text 357",
				"qty": 367,
				"price": 359,
				"total": 131753,
				"level": 3
			}, {
				"title": "dummy text 358",
				"qty": 368,
				"price": 360,
				"total": 132480,
				"level": 3
			}, {
				"title": "dummy text 359",
				"qty": 369,
				"price": 361,
				"total": 133209,
				"level": 3
			}, {
				"title": "dummy text 360",
				"qty": 370,
				"price": 362,
				"total": 133940,
				"level": 3
			}, {
				"title": "dummy text 361",
				"qty": 371,
				"price": 363,
				"total": 134673,
				"level": 3
			}, {
				"title": "dummy text 362",
				"qty": 372,
				"price": 364,
				"total": 135408,
				"level": 3
			}, {
				"title": "dummy text 363",
				"qty": 373,
				"price": 365,
				"total": 136145,
				"level": 3
			}, {
				"title": "dummy text 364",
				"qty": 374,
				"price": 366,
				"total": 136884,
				"level": 3
			}, {
				"title": "dummy text 365",
				"qty": 375,
				"price": 367,
				"total": 137625,
				"level": 3
			}, {
				"title": "dummy text 366",
				"qty": 376,
				"price": 368,
				"total": 138368,
				"level": 3
			}, {
				"title": "dummy text 367",
				"qty": 377,
				"price": 369,
				"total": 139113,
				"level": 3
			}, {
				"title": "dummy text 368",
				"qty": 378,
				"price": 370,
				"total": 139860,
				"level": 3
			}, {
				"title": "dummy text 369",
				"qty": 379,
				"price": 371,
				"total": 140609,
				"level": 3
			}, {
				"title": "dummy text 370",
				"qty": 380,
				"price": 372,
				"total": 141360,
				"level": 3
			}, {
				"title": "dummy text 371",
				"qty": 381,
				"price": 373,
				"total": 142113,
				"level": 3
			}, {
				"title": "dummy text 372",
				"qty": 382,
				"price": 374,
				"total": 142868,
				"level": 3
			}, {
				"title": "dummy text 373",
				"qty": 383,
				"price": 375,
				"total": 143625,
				"level": 3
			}, {
				"title": "dummy text 374",
				"qty": 384,
				"price": 376,
				"total": 144384,
				"level": 3
			}, {
				"title": "dummy text 375",
				"qty": 385,
				"price": 377,
				"total": 145145,
				"level": 3
			}, {
				"title": "dummy text 376",
				"qty": 386,
				"price": 378,
				"total": 145908,
				"level": 3
			}, {
				"title": "dummy text 377",
				"qty": 387,
				"price": 379,
				"total": 146673,
				"level": 3
			}, {
				"title": "dummy text 378",
				"qty": 388,
				"price": 380,
				"total": 147440,
				"level": 3
			}, {
				"title": "dummy text 379",
				"qty": 389,
				"price": 381,
				"total": 148209,
				"level": 3
			}, {
				"title": "dummy text 380",
				"qty": 390,
				"price": 382,
				"total": 148980,
				"level": 3
			}, {
				"title": "dummy text 381",
				"qty": 391,
				"price": 383,
				"total": 149753,
				"level": 3
			}, {
				"title": "dummy text 382",
				"qty": 392,
				"price": 384,
				"total": 150528,
				"level": 3
			}, {
				"title": "dummy text 383",
				"qty": 393,
				"price": 385,
				"total": 151305,
				"level": 3
			}, {
				"title": "dummy text 384",
				"qty": 394,
				"price": 386,
				"total": 152084,
				"level": 3
			}, {
				"title": "dummy text 385",
				"qty": 395,
				"price": 387,
				"total": 152865,
				"level": 3
			}, {
				"title": "dummy text 386",
				"qty": 396,
				"price": 388,
				"total": 153648,
				"level": 3
			}, {
				"title": "dummy text 387",
				"qty": 397,
				"price": 389,
				"total": 154433,
				"level": 3
			}, {
				"title": "dummy text 388",
				"qty": 398,
				"price": 390,
				"total": 155220,
				"level": 3
			}, {
				"title": "dummy text 389",
				"qty": 399,
				"price": 391,
				"total": 156009,
				"level": 3
			}, {
				"title": "dummy text 390",
				"qty": 400,
				"price": 392,
				"total": 156800,
				"level": 3
			}, {
				"title": "dummy text 391",
				"qty": 401,
				"price": 393,
				"total": 157593,
				"level": 3
			}, {
				"title": "dummy text 392",
				"qty": 402,
				"price": 394,
				"total": 158388,
				"level": 3
			}, {
				"title": "dummy text 393",
				"qty": 403,
				"price": 395,
				"total": 159185,
				"level": 3
			}, {
				"title": "dummy text 394",
				"qty": 404,
				"price": 396,
				"total": 159984,
				"level": 3
			}, {
				"title": "dummy text 395",
				"qty": 405,
				"price": 397,
				"total": 160785,
				"level": 3
			}, {
				"title": "dummy text 396",
				"qty": 406,
				"price": 398,
				"total": 161588,
				"level": 3
			}, {
				"title": "dummy text 397",
				"qty": 407,
				"price": 399,
				"total": 162393,
				"level": 3
			}, {
				"title": "dummy text 398",
				"qty": 408,
				"price": 400,
				"total": 163200,
				"level": 3
			}, {
				"title": "dummy text 399",
				"qty": 409,
				"price": 401,
				"total": 164009,
				"level": 3
			}, {
				"title": "dummy text 400",
				"qty": 410,
				"price": 402,
				"total": 164820,
				"level": 3
			}, {
				"title": "dummy text 401",
				"qty": 411,
				"price": 403,
				"total": 165633,
				"level": 3
			}, {
				"title": "dummy text 402",
				"qty": 412,
				"price": 404,
				"total": 166448,
				"level": 3
			}, {
				"title": "dummy text 403",
				"qty": 413,
				"price": 405,
				"total": 167265,
				"level": 3
			}, {
				"title": "dummy text 404",
				"qty": 414,
				"price": 406,
				"total": 168084,
				"level": 3
			}, {
				"title": "dummy text 405",
				"qty": 415,
				"price": 407,
				"total": 168905,
				"level": 3
			}, {
				"title": "dummy text 406",
				"qty": 416,
				"price": 408,
				"total": 169728,
				"level": 3
			}, {
				"title": "dummy text 407",
				"qty": 417,
				"price": 409,
				"total": 170553,
				"level": 3
			}, {
				"title": "dummy text 408",
				"qty": 418,
				"price": 410,
				"total": 171380,
				"level": 3
			}, {
				"title": "dummy text 409",
				"qty": 419,
				"price": 411,
				"total": 172209,
				"level": 3
			}, {
				"title": "dummy text 410",
				"qty": 420,
				"price": 412,
				"total": 173040,
				"level": 3
			}, {
				"title": "dummy text 411",
				"qty": 421,
				"price": 413,
				"total": 173873,
				"level": 3
			}, {
				"title": "dummy text 412",
				"qty": 422,
				"price": 414,
				"total": 174708,
				"level": 3
			}, {
				"title": "dummy text 413",
				"qty": 423,
				"price": 415,
				"total": 175545,
				"level": 3
			}, {
				"title": "dummy text 414",
				"qty": 424,
				"price": 416,
				"total": 176384,
				"level": 3
			}, {
				"title": "dummy text 415",
				"qty": 425,
				"price": 417,
				"total": 177225,
				"level": 3
			}, {
				"title": "dummy text 416",
				"qty": 426,
				"price": 418,
				"total": 178068,
				"level": 3
			}, {
				"title": "dummy text 417",
				"qty": 427,
				"price": 419,
				"total": 178913,
				"level": 3
			}, {
				"title": "dummy text 418",
				"qty": 428,
				"price": 420,
				"total": 179760,
				"level": 3
			}, {
				"title": "dummy text 419",
				"qty": 429,
				"price": 421,
				"total": 180609,
				"level": 3
			}, {
				"title": "dummy text 420",
				"qty": 430,
				"price": 422,
				"total": 181460,
				"level": 3
			}, {
				"title": "dummy text 421",
				"qty": 431,
				"price": 423,
				"total": 182313,
				"level": 3
			}, {
				"title": "dummy text 422",
				"qty": 432,
				"price": 424,
				"total": 183168,
				"level": 3
			}, {
				"title": "dummy text 423",
				"qty": 433,
				"price": 425,
				"total": 184025,
				"level": 3
			}, {
				"title": "dummy text 424",
				"qty": 434,
				"price": 426,
				"total": 184884,
				"level": 3
			}, {
				"title": "dummy text 425",
				"qty": 435,
				"price": 427,
				"total": 185745,
				"level": 3
			}, {
				"title": "dummy text 426",
				"qty": 436,
				"price": 428,
				"total": 186608,
				"level": 3
			}, {
				"title": "dummy text 427",
				"qty": 437,
				"price": 429,
				"total": 187473,
				"level": 3
			}, {
				"title": "dummy text 428",
				"qty": 438,
				"price": 430,
				"total": 188340,
				"level": 3
			}, {
				"title": "dummy text 429",
				"qty": 439,
				"price": 431,
				"total": 189209,
				"level": 3
			}, {
				"title": "dummy text 430",
				"qty": 440,
				"price": 432,
				"total": 190080,
				"level": 3
			}, {
				"title": "dummy text 431",
				"qty": 441,
				"price": 433,
				"total": 190953,
				"level": 3
			}, {
				"title": "dummy text 432",
				"qty": 442,
				"price": 434,
				"total": 191828,
				"level": 3
			}, {
				"title": "dummy text 433",
				"qty": 443,
				"price": 435,
				"total": 192705,
				"level": 3
			}, {
				"title": "dummy text 434",
				"qty": 444,
				"price": 436,
				"total": 193584,
				"level": 3
			}, {
				"title": "dummy text 435",
				"qty": 445,
				"price": 437,
				"total": 194465,
				"level": 3
			}, {
				"title": "dummy text 436",
				"qty": 446,
				"price": 438,
				"total": 195348,
				"level": 3
			}, {
				"title": "dummy text 437",
				"qty": 447,
				"price": 439,
				"total": 196233,
				"level": 3
			}, {
				"title": "dummy text 438",
				"qty": 448,
				"price": 440,
				"total": 197120,
				"level": 3
			}, {
				"title": "dummy text 439",
				"qty": 449,
				"price": 441,
				"total": 198009,
				"level": 3
			}, {
				"title": "dummy text 440",
				"qty": 450,
				"price": 442,
				"total": 198900,
				"level": 3
			}, {
				"title": "dummy text 441",
				"qty": 451,
				"price": 443,
				"total": 199793,
				"level": 3
			}, {
				"title": "dummy text 442",
				"qty": 452,
				"price": 444,
				"total": 200688,
				"level": 3
			}, {
				"title": "dummy text 443",
				"qty": 453,
				"price": 445,
				"total": 201585,
				"level": 3
			}, {
				"title": "dummy text 444",
				"qty": 454,
				"price": 446,
				"total": 202484,
				"level": 3
			}, {
				"title": "dummy text 445",
				"qty": 455,
				"price": 447,
				"total": 203385,
				"level": 3
			}, {
				"title": "dummy text 446",
				"qty": 456,
				"price": 448,
				"total": 204288,
				"level": 3
			}, {
				"title": "dummy text 447",
				"qty": 457,
				"price": 449,
				"total": 205193,
				"level": 3
			}, {
				"title": "dummy text 448",
				"qty": 458,
				"price": 450,
				"total": 206100,
				"level": 3
			}, {
				"title": "dummy text 449",
				"qty": 459,
				"price": 451,
				"total": 207009,
				"level": 3
			}, {
				"title": "dummy text 450",
				"qty": 460,
				"price": 452,
				"total": 207920,
				"level": 3
			}, {
				"title": "dummy text 451",
				"qty": 461,
				"price": 453,
				"total": 208833,
				"level": 3
			}, {
				"title": "dummy text 452",
				"qty": 462,
				"price": 454,
				"total": 209748,
				"level": 3
			}, {
				"title": "dummy text 453",
				"qty": 463,
				"price": 455,
				"total": 210665,
				"level": 3
			}, {
				"title": "dummy text 454",
				"qty": 464,
				"price": 456,
				"total": 211584,
				"level": 3
			}, {
				"title": "dummy text 455",
				"qty": 465,
				"price": 457,
				"total": 212505,
				"level": 3
			}, {
				"title": "dummy text 456",
				"qty": 466,
				"price": 458,
				"total": 213428,
				"level": 3
			}, {
				"title": "dummy text 457",
				"qty": 467,
				"price": 459,
				"total": 214353,
				"level": 3
			}, {
				"title": "dummy text 458",
				"qty": 468,
				"price": 460,
				"total": 215280,
				"level": 3
			}, {
				"title": "dummy text 459",
				"qty": 469,
				"price": 461,
				"total": 216209,
				"level": 3
			}, {
				"title": "dummy text 460",
				"qty": 470,
				"price": 462,
				"total": 217140,
				"level": 3
			}, {
				"title": "dummy text 461",
				"qty": 471,
				"price": 463,
				"total": 218073,
				"level": 3
			}, {
				"title": "dummy text 462",
				"qty": 472,
				"price": 464,
				"total": 219008,
				"level": 3
			}, {
				"title": "dummy text 463",
				"qty": 473,
				"price": 465,
				"total": 219945,
				"level": 3
			}, {
				"title": "dummy text 464",
				"qty": 474,
				"price": 466,
				"total": 220884,
				"level": 3
			}, {
				"title": "dummy text 465",
				"qty": 475,
				"price": 467,
				"total": 221825,
				"level": 3
			}, {
				"title": "dummy text 466",
				"qty": 476,
				"price": 468,
				"total": 222768,
				"level": 3
			}, {
				"title": "dummy text 467",
				"qty": 477,
				"price": 469,
				"total": 223713,
				"level": 3
			}, {
				"title": "dummy text 468",
				"qty": 478,
				"price": 470,
				"total": 224660,
				"level": 3
			}, {
				"title": "dummy text 469",
				"qty": 479,
				"price": 471,
				"total": 225609,
				"level": 3
			}, {
				"title": "dummy text 470",
				"qty": 480,
				"price": 472,
				"total": 226560,
				"level": 3
			}, {
				"title": "dummy text 471",
				"qty": 481,
				"price": 473,
				"total": 227513,
				"level": 3
			}, {
				"title": "dummy text 472",
				"qty": 482,
				"price": 474,
				"total": 228468,
				"level": 3
			}, {
				"title": "dummy text 473",
				"qty": 483,
				"price": 475,
				"total": 229425,
				"level": 3
			}, {
				"title": "dummy text 474",
				"qty": 484,
				"price": 476,
				"total": 230384,
				"level": 3
			}, {
				"title": "dummy text 475",
				"qty": 485,
				"price": 477,
				"total": 231345,
				"level": 3
			}, {
				"title": "dummy text 476",
				"qty": 486,
				"price": 478,
				"total": 232308,
				"level": 3
			}, {
				"title": "dummy text 477",
				"qty": 487,
				"price": 479,
				"total": 233273,
				"level": 3
			}, {
				"title": "dummy text 478",
				"qty": 488,
				"price": 480,
				"total": 234240,
				"level": 3
			}, {
				"title": "dummy text 479",
				"qty": 489,
				"price": 481,
				"total": 235209,
				"level": 3
			}, {
				"title": "dummy text 480",
				"qty": 490,
				"price": 482,
				"total": 236180,
				"level": 3
			}, {
				"title": "dummy text 481",
				"qty": 491,
				"price": 483,
				"total": 237153,
				"level": 3
			}, {
				"title": "dummy text 482",
				"qty": 492,
				"price": 484,
				"total": 238128,
				"level": 3
			}, {
				"title": "dummy text 483",
				"qty": 493,
				"price": 485,
				"total": 239105,
				"level": 3
			}, {
				"title": "dummy text 484",
				"qty": 494,
				"price": 486,
				"total": 240084,
				"level": 3
			}, {
				"title": "dummy text 485",
				"qty": 495,
				"price": 487,
				"total": 241065,
				"level": 3
			}, {
				"title": "dummy text 486",
				"qty": 496,
				"price": 488,
				"total": 242048,
				"level": 3
			}, {
				"title": "dummy text 487",
				"qty": 497,
				"price": 489,
				"total": 243033,
				"level": 3
			}, {
				"title": "dummy text 488",
				"qty": 498,
				"price": 490,
				"total": 244020,
				"level": 3
			}, {
				"title": "dummy text 489",
				"qty": 499,
				"price": 491,
				"total": 245009,
				"level": 3
			}, {
				"title": "dummy text 490",
				"qty": 500,
				"price": 492,
				"total": 246000,
				"level": 3
			}, {
				"title": "dummy text 491",
				"qty": 501,
				"price": 493,
				"total": 246993,
				"level": 3
			}, {
				"title": "dummy text 492",
				"qty": 502,
				"price": 494,
				"total": 247988,
				"level": 3
			}, {
				"title": "dummy text 493",
				"qty": 503,
				"price": 495,
				"total": 248985,
				"level": 3
			}, {
				"title": "dummy text 494",
				"qty": 504,
				"price": 496,
				"total": 249984,
				"level": 3
			}, {
				"title": "dummy text 495",
				"qty": 505,
				"price": 497,
				"total": 250985,
				"level": 3
			}, {
				"title": "dummy text 496",
				"qty": 506,
				"price": 498,
				"total": 251988,
				"level": 3
			}, {
				"title": "dummy text 497",
				"qty": 507,
				"price": 499,
				"total": 252993,
				"level": 3
			}, {
				"title": "dummy text 498",
				"qty": 508,
				"price": 500,
				"total": 254000,
				"level": 3
			}, {
				"title": "dummy text 499",
				"qty": 509,
				"price": 501,
				"total": 255009,
				"level": 3
			}, {
				"title": "dummy text 500",
				"qty": 510,
				"price": 502,
				"total": 256020,
				"level": 3
			}, {
				"title": "dummy text 501",
				"qty": 511,
				"price": 503,
				"total": 257033,
				"level": 3
			}, {
				"title": "dummy text 502",
				"qty": 512,
				"price": 504,
				"total": 258048,
				"level": 3
			}, {
				"title": "dummy text 503",
				"qty": 513,
				"price": 505,
				"total": 259065,
				"level": 3
			}, {
				"title": "dummy text 504",
				"qty": 514,
				"price": 506,
				"total": 260084,
				"level": 3
			}, {
				"title": "dummy text 505",
				"qty": 515,
				"price": 507,
				"total": 261105,
				"level": 3
			}, {
				"title": "dummy text 506",
				"qty": 516,
				"price": 508,
				"total": 262128,
				"level": 3
			}, {
				"title": "dummy text 507",
				"qty": 517,
				"price": 509,
				"total": 263153,
				"level": 3
			}, {
				"title": "dummy text 508",
				"qty": 518,
				"price": 510,
				"total": 264180,
				"level": 3
			}, {
				"title": "dummy text 509",
				"qty": 519,
				"price": 511,
				"total": 265209,
				"level": 3
			}, {
				"title": "dummy text 510",
				"qty": 520,
				"price": 512,
				"total": 266240,
				"level": 3
			}, {
				"title": "dummy text 511",
				"qty": 521,
				"price": 513,
				"total": 267273,
				"level": 3
			}, {
				"title": "dummy text 512",
				"qty": 522,
				"price": 514,
				"total": 268308,
				"level": 3
			}, {
				"title": "dummy text 513",
				"qty": 523,
				"price": 515,
				"total": 269345,
				"level": 3
			}, {
				"title": "dummy text 514",
				"qty": 524,
				"price": 516,
				"total": 270384,
				"level": 3
			}, {
				"title": "dummy text 515",
				"qty": 525,
				"price": 517,
				"total": 271425,
				"level": 3
			}, {
				"title": "dummy text 516",
				"qty": 526,
				"price": 518,
				"total": 272468,
				"level": 3
			}, {
				"title": "dummy text 517",
				"qty": 527,
				"price": 519,
				"total": 273513,
				"level": 3
			}, {
				"title": "dummy text 518",
				"qty": 528,
				"price": 520,
				"total": 274560,
				"level": 3
			}, {
				"title": "dummy text 519",
				"qty": 529,
				"price": 521,
				"total": 275609,
				"level": 3
			}, {
				"title": "dummy text 520",
				"qty": 530,
				"price": 522,
				"total": 276660,
				"level": 3
			}, {
				"title": "dummy text 521",
				"qty": 531,
				"price": 523,
				"total": 277713,
				"level": 3
			}, {
				"title": "dummy text 522",
				"qty": 532,
				"price": 524,
				"total": 278768,
				"level": 3
			}, {
				"title": "dummy text 523",
				"qty": 533,
				"price": 525,
				"total": 279825,
				"level": 3
			}, {
				"title": "dummy text 524",
				"qty": 534,
				"price": 526,
				"total": 280884,
				"level": 3
			}, {
				"title": "dummy text 525",
				"qty": 535,
				"price": 527,
				"total": 281945,
				"level": 3
			}, {
				"title": "dummy text 526",
				"qty": 536,
				"price": 528,
				"total": 283008,
				"level": 3
			}, {
				"title": "dummy text 527",
				"qty": 537,
				"price": 529,
				"total": 284073,
				"level": 3
			}, {
				"title": "dummy text 528",
				"qty": 538,
				"price": 530,
				"total": 285140,
				"level": 3
			}, {
				"title": "dummy text 529",
				"qty": 539,
				"price": 531,
				"total": 286209,
				"level": 3
			}, {
				"title": "dummy text 530",
				"qty": 540,
				"price": 532,
				"total": 287280,
				"level": 3
			}, {
				"title": "dummy text 531",
				"qty": 541,
				"price": 533,
				"total": 288353,
				"level": 3
			}, {
				"title": "dummy text 532",
				"qty": 542,
				"price": 534,
				"total": 289428,
				"level": 3
			}, {
				"title": "dummy text 533",
				"qty": 543,
				"price": 535,
				"total": 290505,
				"level": 3
			}, {
				"title": "dummy text 534",
				"qty": 544,
				"price": 536,
				"total": 291584,
				"level": 3
			}, {
				"title": "dummy text 535",
				"qty": 545,
				"price": 537,
				"total": 292665,
				"level": 3
			}, {
				"title": "dummy text 536",
				"qty": 546,
				"price": 538,
				"total": 293748,
				"level": 3
			}, {
				"title": "dummy text 537",
				"qty": 547,
				"price": 539,
				"total": 294833,
				"level": 3
			}, {
				"title": "dummy text 538",
				"qty": 548,
				"price": 540,
				"total": 295920,
				"level": 3
			}, {
				"title": "dummy text 539",
				"qty": 549,
				"price": 541,
				"total": 297009,
				"level": 3
			}, {
				"title": "dummy text 540",
				"qty": 550,
				"price": 542,
				"total": 298100,
				"level": 3
			}, {
				"title": "dummy text 541",
				"qty": 551,
				"price": 543,
				"total": 299193,
				"level": 3
			}, {
				"title": "dummy text 542",
				"qty": 552,
				"price": 544,
				"total": 300288,
				"level": 3
			}, {
				"title": "dummy text 543",
				"qty": 553,
				"price": 545,
				"total": 301385,
				"level": 3
			}, {
				"title": "dummy text 544",
				"qty": 554,
				"price": 546,
				"total": 302484,
				"level": 3
			}, {
				"title": "dummy text 545",
				"qty": 555,
				"price": 547,
				"total": 303585,
				"level": 3
			}, {
				"title": "dummy text 546",
				"qty": 556,
				"price": 548,
				"total": 304688,
				"level": 3
			}, {
				"title": "dummy text 547",
				"qty": 557,
				"price": 549,
				"total": 305793,
				"level": 3
			}, {
				"title": "dummy text 548",
				"qty": 558,
				"price": 550,
				"total": 306900,
				"level": 3
			}, {
				"title": "dummy text 549",
				"qty": 559,
				"price": 551,
				"total": 308009,
				"level": 3
			}, {
				"title": "dummy text 550",
				"qty": 560,
				"price": 552,
				"total": 309120,
				"level": 3
			}, {
				"title": "dummy text 551",
				"qty": 561,
				"price": 553,
				"total": 310233,
				"level": 3
			}, {
				"title": "dummy text 552",
				"qty": 562,
				"price": 554,
				"total": 311348,
				"level": 3
			}, {
				"title": "dummy text 553",
				"qty": 563,
				"price": 555,
				"total": 312465,
				"level": 3
			}, {
				"title": "dummy text 554",
				"qty": 564,
				"price": 556,
				"total": 313584,
				"level": 3
			}, {
				"title": "dummy text 555",
				"qty": 565,
				"price": 557,
				"total": 314705,
				"level": 3
			}, {
				"title": "dummy text 556",
				"qty": 566,
				"price": 558,
				"total": 315828,
				"level": 3
			}, {
				"title": "dummy text 557",
				"qty": 567,
				"price": 559,
				"total": 316953,
				"level": 3
			}, {
				"title": "dummy text 558",
				"qty": 568,
				"price": 560,
				"total": 318080,
				"level": 3
			}, {
				"title": "dummy text 559",
				"qty": 569,
				"price": 561,
				"total": 319209,
				"level": 3
			}, {
				"title": "dummy text 560",
				"qty": 570,
				"price": 562,
				"total": 320340,
				"level": 3
			}, {
				"title": "dummy text 561",
				"qty": 571,
				"price": 563,
				"total": 321473,
				"level": 3
			}, {
				"title": "dummy text 562",
				"qty": 572,
				"price": 564,
				"total": 322608,
				"level": 3
			}, {
				"title": "dummy text 563",
				"qty": 573,
				"price": 565,
				"total": 323745,
				"level": 3
			}, {
				"title": "dummy text 564",
				"qty": 574,
				"price": 566,
				"total": 324884,
				"level": 3
			}, {
				"title": "dummy text 565",
				"qty": 575,
				"price": 567,
				"total": 326025,
				"level": 3
			}, {
				"title": "dummy text 566",
				"qty": 576,
				"price": 568,
				"total": 327168,
				"level": 3
			}, {
				"title": "dummy text 567",
				"qty": 577,
				"price": 569,
				"total": 328313,
				"level": 3
			}, {
				"title": "dummy text 568",
				"qty": 578,
				"price": 570,
				"total": 329460,
				"level": 3
			}, {
				"title": "dummy text 569",
				"qty": 579,
				"price": 571,
				"total": 330609,
				"level": 3
			}, {
				"title": "dummy text 570",
				"qty": 580,
				"price": 572,
				"total": 331760,
				"level": 3
			}, {
				"title": "dummy text 571",
				"qty": 581,
				"price": 573,
				"total": 332913,
				"level": 3
			}, {
				"title": "dummy text 572",
				"qty": 582,
				"price": 574,
				"total": 334068,
				"level": 3
			}, {
				"title": "dummy text 573",
				"qty": 583,
				"price": 575,
				"total": 335225,
				"level": 3
			}, {
				"title": "dummy text 574",
				"qty": 584,
				"price": 576,
				"total": 336384,
				"level": 3
			}, {
				"title": "dummy text 575",
				"qty": 585,
				"price": 577,
				"total": 337545,
				"level": 3
			}, {
				"title": "dummy text 576",
				"qty": 586,
				"price": 578,
				"total": 338708,
				"level": 3
			}, {
				"title": "dummy text 577",
				"qty": 587,
				"price": 579,
				"total": 339873,
				"level": 3
			}, {
				"title": "dummy text 578",
				"qty": 588,
				"price": 580,
				"total": 341040,
				"level": 3
			}, {
				"title": "dummy text 579",
				"qty": 589,
				"price": 581,
				"total": 342209,
				"level": 3
			}, {
				"title": "dummy text 580",
				"qty": 590,
				"price": 582,
				"total": 343380,
				"level": 3
			}, {
				"title": "dummy text 581",
				"qty": 591,
				"price": 583,
				"total": 344553,
				"level": 3
			}, {
				"title": "dummy text 582",
				"qty": 592,
				"price": 584,
				"total": 345728,
				"level": 3
			}, {
				"title": "dummy text 583",
				"qty": 593,
				"price": 585,
				"total": 346905,
				"level": 3
			}, {
				"title": "dummy text 584",
				"qty": 594,
				"price": 586,
				"total": 348084,
				"level": 3
			}, {
				"title": "dummy text 585",
				"qty": 595,
				"price": 587,
				"total": 349265,
				"level": 3
			}, {
				"title": "dummy text 586",
				"qty": 596,
				"price": 588,
				"total": 350448,
				"level": 3
			}, {
				"title": "dummy text 587",
				"qty": 597,
				"price": 589,
				"total": 351633,
				"level": 3
			}, {
				"title": "dummy text 588",
				"qty": 598,
				"price": 590,
				"total": 352820,
				"level": 3
			}, {
				"title": "dummy text 589",
				"qty": 599,
				"price": 591,
				"total": 354009,
				"level": 3
			}, {
				"title": "dummy text 590",
				"qty": 600,
				"price": 592,
				"total": 355200,
				"level": 3
			}, {
				"title": "dummy text 591",
				"qty": 601,
				"price": 593,
				"total": 356393,
				"level": 3
			}, {
				"title": "dummy text 592",
				"qty": 602,
				"price": 594,
				"total": 357588,
				"level": 3
			}, {
				"title": "dummy text 593",
				"qty": 603,
				"price": 595,
				"total": 358785,
				"level": 3
			}, {
				"title": "dummy text 594",
				"qty": 604,
				"price": 596,
				"total": 359984,
				"level": 3
			}, {
				"title": "dummy text 595",
				"qty": 605,
				"price": 597,
				"total": 361185,
				"level": 3
			}, {
				"title": "dummy text 596",
				"qty": 606,
				"price": 598,
				"total": 362388,
				"level": 3
			}, {
				"title": "dummy text 597",
				"qty": 607,
				"price": 599,
				"total": 363593,
				"level": 3
			}, {
				"title": "dummy text 598",
				"qty": 608,
				"price": 600,
				"total": 364800,
				"level": 3
			}, {
				"title": "dummy text 599",
				"qty": 609,
				"price": 601,
				"total": 366009,
				"level": 3
			}, {
				"title": "dummy text 600",
				"qty": 610,
				"price": 602,
				"total": 367220,
				"level": 3
			}, {
				"title": "dummy text 601",
				"qty": 611,
				"price": 603,
				"total": 368433,
				"level": 3
			}, {
				"title": "dummy text 602",
				"qty": 612,
				"price": 604,
				"total": 369648,
				"level": 3
			}, {
				"title": "dummy text 603",
				"qty": 613,
				"price": 605,
				"total": 370865,
				"level": 3
			}, {
				"title": "dummy text 604",
				"qty": 614,
				"price": 606,
				"total": 372084,
				"level": 3
			}, {
				"title": "dummy text 605",
				"qty": 615,
				"price": 607,
				"total": 373305,
				"level": 3
			}, {
				"title": "dummy text 606",
				"qty": 616,
				"price": 608,
				"total": 374528,
				"level": 3
			}, {
				"title": "dummy text 607",
				"qty": 617,
				"price": 609,
				"total": 375753,
				"level": 3
			}, {
				"title": "dummy text 608",
				"qty": 618,
				"price": 610,
				"total": 376980,
				"level": 3
			}, {
				"title": "dummy text 609",
				"qty": 619,
				"price": 611,
				"total": 378209,
				"level": 3
			}, {
				"title": "dummy text 610",
				"qty": 620,
				"price": 612,
				"total": 379440,
				"level": 3
			}, {
				"title": "dummy text 611",
				"qty": 621,
				"price": 613,
				"total": 380673,
				"level": 3
			}, {
				"title": "dummy text 612",
				"qty": 622,
				"price": 614,
				"total": 381908,
				"level": 3
			}, {
				"title": "dummy text 613",
				"qty": 623,
				"price": 615,
				"total": 383145,
				"level": 3
			}, {
				"title": "dummy text 614",
				"qty": 624,
				"price": 616,
				"total": 384384,
				"level": 3
			}, {
				"title": "dummy text 615",
				"qty": 625,
				"price": 617,
				"total": 385625,
				"level": 3
			}, {
				"title": "dummy text 616",
				"qty": 626,
				"price": 618,
				"total": 386868,
				"level": 3
			}, {
				"title": "dummy text 617",
				"qty": 627,
				"price": 619,
				"total": 388113,
				"level": 3
			}, {
				"title": "dummy text 618",
				"qty": 628,
				"price": 620,
				"total": 389360,
				"level": 3
			}, {
				"title": "dummy text 619",
				"qty": 629,
				"price": 621,
				"total": 390609,
				"level": 3
			}, {
				"title": "dummy text 620",
				"qty": 630,
				"price": 622,
				"total": 391860,
				"level": 3
			}, {
				"title": "dummy text 621",
				"qty": 631,
				"price": 623,
				"total": 393113,
				"level": 3
			}, {
				"title": "dummy text 622",
				"qty": 632,
				"price": 624,
				"total": 394368,
				"level": 3
			}, {
				"title": "dummy text 623",
				"qty": 633,
				"price": 625,
				"total": 395625,
				"level": 3
			}, {
				"title": "dummy text 624",
				"qty": 634,
				"price": 626,
				"total": 396884,
				"level": 3
			}, {
				"title": "dummy text 625",
				"qty": 635,
				"price": 627,
				"total": 398145,
				"level": 3
			}, {
				"title": "dummy text 626",
				"qty": 636,
				"price": 628,
				"total": 399408,
				"level": 3
			}, {
				"title": "dummy text 627",
				"qty": 637,
				"price": 629,
				"total": 400673,
				"level": 3
			}, {
				"title": "dummy text 628",
				"qty": 638,
				"price": 630,
				"total": 401940,
				"level": 3
			}, {
				"title": "dummy text 629",
				"qty": 639,
				"price": 631,
				"total": 403209,
				"level": 3
			}, {
				"title": "dummy text 630",
				"qty": 640,
				"price": 632,
				"total": 404480,
				"level": 3
			}, {
				"title": "dummy text 631",
				"qty": 641,
				"price": 633,
				"total": 405753,
				"level": 3
			}, {
				"title": "dummy text 632",
				"qty": 642,
				"price": 634,
				"total": 407028,
				"level": 3
			}, {
				"title": "dummy text 633",
				"qty": 643,
				"price": 635,
				"total": 408305,
				"level": 3
			}, {
				"title": "dummy text 634",
				"qty": 644,
				"price": 636,
				"total": 409584,
				"level": 3
			}, {
				"title": "dummy text 635",
				"qty": 645,
				"price": 637,
				"total": 410865,
				"level": 3
			}, {
				"title": "dummy text 636",
				"qty": 646,
				"price": 638,
				"total": 412148,
				"level": 3
			}, {
				"title": "dummy text 637",
				"qty": 647,
				"price": 639,
				"total": 413433,
				"level": 3
			}, {
				"title": "dummy text 638",
				"qty": 648,
				"price": 640,
				"total": 414720,
				"level": 3
			}, {
				"title": "dummy text 639",
				"qty": 649,
				"price": 641,
				"total": 416009,
				"level": 3
			}, {
				"title": "dummy text 640",
				"qty": 650,
				"price": 642,
				"total": 417300,
				"level": 3
			}, {
				"title": "dummy text 641",
				"qty": 651,
				"price": 643,
				"total": 418593,
				"level": 3
			}, {
				"title": "dummy text 642",
				"qty": 652,
				"price": 644,
				"total": 419888,
				"level": 3
			}, {
				"title": "dummy text 643",
				"qty": 653,
				"price": 645,
				"total": 421185,
				"level": 3
			}, {
				"title": "dummy text 644",
				"qty": 654,
				"price": 646,
				"total": 422484,
				"level": 3
			}, {
				"title": "dummy text 645",
				"qty": 655,
				"price": 647,
				"total": 423785,
				"level": 3
			}, {
				"title": "dummy text 646",
				"qty": 656,
				"price": 648,
				"total": 425088,
				"level": 3
			}, {
				"title": "dummy text 647",
				"qty": 657,
				"price": 649,
				"total": 426393,
				"level": 3
			}, {
				"title": "dummy text 648",
				"qty": 658,
				"price": 650,
				"total": 427700,
				"level": 3
			}, {
				"title": "dummy text 649",
				"qty": 659,
				"price": 651,
				"total": 429009,
				"level": 3
			}, {
				"title": "dummy text 650",
				"qty": 660,
				"price": 652,
				"total": 430320,
				"level": 3
			}, {
				"title": "dummy text 651",
				"qty": 661,
				"price": 653,
				"total": 431633,
				"level": 3
			}, {
				"title": "dummy text 652",
				"qty": 662,
				"price": 654,
				"total": 432948,
				"level": 3
			}, {
				"title": "dummy text 653",
				"qty": 663,
				"price": 655,
				"total": 434265,
				"level": 3
			}, {
				"title": "dummy text 654",
				"qty": 664,
				"price": 656,
				"total": 435584,
				"level": 3
			}, {
				"title": "dummy text 655",
				"qty": 665,
				"price": 657,
				"total": 436905,
				"level": 3
			}, {
				"title": "dummy text 656",
				"qty": 666,
				"price": 658,
				"total": 438228,
				"level": 3
			}, {
				"title": "dummy text 657",
				"qty": 667,
				"price": 659,
				"total": 439553,
				"level": 3
			}, {
				"title": "dummy text 658",
				"qty": 668,
				"price": 660,
				"total": 440880,
				"level": 3
			}, {
				"title": "dummy text 659",
				"qty": 669,
				"price": 661,
				"total": 442209,
				"level": 3
			}, {
				"title": "dummy text 660",
				"qty": 670,
				"price": 662,
				"total": 443540,
				"level": 3
			}, {
				"title": "dummy text 661",
				"qty": 671,
				"price": 663,
				"total": 444873,
				"level": 3
			}, {
				"title": "dummy text 662",
				"qty": 672,
				"price": 664,
				"total": 446208,
				"level": 3
			}, {
				"title": "dummy text 663",
				"qty": 673,
				"price": 665,
				"total": 447545,
				"level": 3
			}, {
				"title": "dummy text 664",
				"qty": 674,
				"price": 666,
				"total": 448884,
				"level": 3
			}, {
				"title": "dummy text 665",
				"qty": 675,
				"price": 667,
				"total": 450225,
				"level": 3
			}, {
				"title": "dummy text 666",
				"qty": 676,
				"price": 668,
				"total": 451568,
				"level": 3
			}, {
				"title": "dummy text 667",
				"qty": 677,
				"price": 669,
				"total": 452913,
				"level": 3
			}, {
				"title": "dummy text 668",
				"qty": 678,
				"price": 670,
				"total": 454260,
				"level": 3
			}, {
				"title": "dummy text 669",
				"qty": 679,
				"price": 671,
				"total": 455609,
				"level": 3
			}, {
				"title": "dummy text 670",
				"qty": 680,
				"price": 672,
				"total": 456960,
				"level": 3
			}, {
				"title": "dummy text 671",
				"qty": 681,
				"price": 673,
				"total": 458313,
				"level": 3
			}, {
				"title": "dummy text 672",
				"qty": 682,
				"price": 674,
				"total": 459668,
				"level": 3
			}, {
				"title": "dummy text 673",
				"qty": 683,
				"price": 675,
				"total": 461025,
				"level": 3
			}, {
				"title": "dummy text 674",
				"qty": 684,
				"price": 676,
				"total": 462384,
				"level": 3
			}, {
				"title": "dummy text 675",
				"qty": 685,
				"price": 677,
				"total": 463745,
				"level": 3
			}, {
				"title": "dummy text 676",
				"qty": 686,
				"price": 678,
				"total": 465108,
				"level": 3
			}, {
				"title": "dummy text 677",
				"qty": 687,
				"price": 679,
				"total": 466473,
				"level": 3
			}, {
				"title": "dummy text 678",
				"qty": 688,
				"price": 680,
				"total": 467840,
				"level": 3
			}, {
				"title": "dummy text 679",
				"qty": 689,
				"price": 681,
				"total": 469209,
				"level": 3
			}, {
				"title": "dummy text 680",
				"qty": 690,
				"price": 682,
				"total": 470580,
				"level": 3
			}, {
				"title": "dummy text 681",
				"qty": 691,
				"price": 683,
				"total": 471953,
				"level": 3
			}, {
				"title": "dummy text 682",
				"qty": 692,
				"price": 684,
				"total": 473328,
				"level": 3
			}, {
				"title": "dummy text 683",
				"qty": 693,
				"price": 685,
				"total": 474705,
				"level": 3
			}, {
				"title": "dummy text 684",
				"qty": 694,
				"price": 686,
				"total": 476084,
				"level": 3
			}, {
				"title": "dummy text 685",
				"qty": 695,
				"price": 687,
				"total": 477465,
				"level": 3
			}, {
				"title": "dummy text 686",
				"qty": 696,
				"price": 688,
				"total": 478848,
				"level": 3
			}, {
				"title": "dummy text 687",
				"qty": 697,
				"price": 689,
				"total": 480233,
				"level": 3
			}, {
				"title": "dummy text 688",
				"qty": 698,
				"price": 690,
				"total": 481620,
				"level": 3
			}, {
				"title": "dummy text 689",
				"qty": 699,
				"price": 691,
				"total": 483009,
				"level": 3
			}, {
				"title": "dummy text 690",
				"qty": 700,
				"price": 692,
				"total": 484400,
				"level": 3
			}, {
				"title": "dummy text 691",
				"qty": 701,
				"price": 693,
				"total": 485793,
				"level": 3
			}, {
				"title": "dummy text 692",
				"qty": 702,
				"price": 694,
				"total": 487188,
				"level": 3
			}, {
				"title": "dummy text 693",
				"qty": 703,
				"price": 695,
				"total": 488585,
				"level": 3
			}, {
				"title": "dummy text 694",
				"qty": 704,
				"price": 696,
				"total": 489984,
				"level": 3
			}, {
				"title": "dummy text 695",
				"qty": 705,
				"price": 697,
				"total": 491385,
				"level": 3
			}, {
				"title": "dummy text 696",
				"qty": 706,
				"price": 698,
				"total": 492788,
				"level": 3
			}, {
				"title": "dummy text 697",
				"qty": 707,
				"price": 699,
				"total": 494193,
				"level": 3
			}, {
				"title": "dummy text 698",
				"qty": 708,
				"price": 700,
				"total": 495600,
				"level": 3
			}, {
				"title": "dummy text 699",
				"qty": 709,
				"price": 701,
				"total": 497009,
				"level": 3
			}, {
				"title": "dummy text 700",
				"qty": 710,
				"price": 702,
				"total": 498420,
				"level": 3
			}, {
				"title": "dummy text 701",
				"qty": 711,
				"price": 703,
				"total": 499833,
				"level": 3
			}, {
				"title": "dummy text 702",
				"qty": 712,
				"price": 704,
				"total": 501248,
				"level": 3
			}, {
				"title": "dummy text 703",
				"qty": 713,
				"price": 705,
				"total": 502665,
				"level": 3
			}, {
				"title": "dummy text 704",
				"qty": 714,
				"price": 706,
				"total": 504084,
				"level": 3
			}, {
				"title": "dummy text 705",
				"qty": 715,
				"price": 707,
				"total": 505505,
				"level": 3
			}, {
				"title": "dummy text 706",
				"qty": 716,
				"price": 708,
				"total": 506928,
				"level": 3
			}, {
				"title": "dummy text 707",
				"qty": 717,
				"price": 709,
				"total": 508353,
				"level": 3
			}, {
				"title": "dummy text 708",
				"qty": 718,
				"price": 710,
				"total": 509780,
				"level": 3
			}, {
				"title": "dummy text 709",
				"qty": 719,
				"price": 711,
				"total": 511209,
				"level": 3
			}, {
				"title": "dummy text 710",
				"qty": 720,
				"price": 712,
				"total": 512640,
				"level": 3
			}, {
				"title": "dummy text 711",
				"qty": 721,
				"price": 713,
				"total": 514073,
				"level": 3
			}, {
				"title": "dummy text 712",
				"qty": 722,
				"price": 714,
				"total": 515508,
				"level": 3
			}, {
				"title": "dummy text 713",
				"qty": 723,
				"price": 715,
				"total": 516945,
				"level": 3
			}, {
				"title": "dummy text 714",
				"qty": 724,
				"price": 716,
				"total": 518384,
				"level": 3
			}, {
				"title": "dummy text 715",
				"qty": 725,
				"price": 717,
				"total": 519825,
				"level": 3
			}, {
				"title": "dummy text 716",
				"qty": 726,
				"price": 718,
				"total": 521268,
				"level": 3
			}, {
				"title": "dummy text 717",
				"qty": 727,
				"price": 719,
				"total": 522713,
				"level": 3
			}, {
				"title": "dummy text 718",
				"qty": 728,
				"price": 720,
				"total": 524160,
				"level": 3
			}, {
				"title": "dummy text 719",
				"qty": 729,
				"price": 721,
				"total": 525609,
				"level": 3
			}, {
				"title": "dummy text 720",
				"qty": 730,
				"price": 722,
				"total": 527060,
				"level": 3
			}, {
				"title": "dummy text 721",
				"qty": 731,
				"price": 723,
				"total": 528513,
				"level": 3
			}, {
				"title": "dummy text 722",
				"qty": 732,
				"price": 724,
				"total": 529968,
				"level": 3
			}, {
				"title": "dummy text 723",
				"qty": 733,
				"price": 725,
				"total": 531425,
				"level": 3
			}, {
				"title": "dummy text 724",
				"qty": 734,
				"price": 726,
				"total": 532884,
				"level": 3
			}, {
				"title": "dummy text 725",
				"qty": 735,
				"price": 727,
				"total": 534345,
				"level": 3
			}, {
				"title": "dummy text 726",
				"qty": 736,
				"price": 728,
				"total": 535808,
				"level": 3
			}, {
				"title": "dummy text 727",
				"qty": 737,
				"price": 729,
				"total": 537273,
				"level": 3
			}, {
				"title": "dummy text 728",
				"qty": 738,
				"price": 730,
				"total": 538740,
				"level": 3
			}, {
				"title": "dummy text 729",
				"qty": 739,
				"price": 731,
				"total": 540209,
				"level": 3
			}, {
				"title": "dummy text 730",
				"qty": 740,
				"price": 732,
				"total": 541680,
				"level": 3
			}, {
				"title": "dummy text 731",
				"qty": 741,
				"price": 733,
				"total": 543153,
				"level": 3
			}, {
				"title": "dummy text 732",
				"qty": 742,
				"price": 734,
				"total": 544628,
				"level": 3
			}, {
				"title": "dummy text 733",
				"qty": 743,
				"price": 735,
				"total": 546105,
				"level": 3
			}, {
				"title": "dummy text 734",
				"qty": 744,
				"price": 736,
				"total": 547584,
				"level": 3
			}, {
				"title": "dummy text 735",
				"qty": 745,
				"price": 737,
				"total": 549065,
				"level": 3
			}, {
				"title": "dummy text 736",
				"qty": 746,
				"price": 738,
				"total": 550548,
				"level": 3
			}, {
				"title": "dummy text 737",
				"qty": 747,
				"price": 739,
				"total": 552033,
				"level": 3
			}, {
				"title": "dummy text 738",
				"qty": 748,
				"price": 740,
				"total": 553520,
				"level": 3
			}, {
				"title": "dummy text 739",
				"qty": 749,
				"price": 741,
				"total": 555009,
				"level": 3
			}, {
				"title": "dummy text 740",
				"qty": 750,
				"price": 742,
				"total": 556500,
				"level": 3
			}, {
				"title": "dummy text 741",
				"qty": 751,
				"price": 743,
				"total": 557993,
				"level": 3
			}, {
				"title": "dummy text 742",
				"qty": 752,
				"price": 744,
				"total": 559488,
				"level": 3
			}, {
				"title": "dummy text 743",
				"qty": 753,
				"price": 745,
				"total": 560985,
				"level": 3
			}, {
				"title": "dummy text 744",
				"qty": 754,
				"price": 746,
				"total": 562484,
				"level": 3
			}, {
				"title": "dummy text 745",
				"qty": 755,
				"price": 747,
				"total": 563985,
				"level": 3
			}, {
				"title": "dummy text 746",
				"qty": 756,
				"price": 748,
				"total": 565488,
				"level": 3
			}, {
				"title": "dummy text 747",
				"qty": 757,
				"price": 749,
				"total": 566993,
				"level": 3
			}, {
				"title": "dummy text 748",
				"qty": 758,
				"price": 750,
				"total": 568500,
				"level": 3
			}, {
				"title": "dummy text 749",
				"qty": 759,
				"price": 751,
				"total": 570009,
				"level": 3
			}, {
				"title": "dummy text 750",
				"qty": 760,
				"price": 752,
				"total": 571520,
				"level": 3
			}, {
				"title": "dummy text 751",
				"qty": 761,
				"price": 753,
				"total": 573033,
				"level": 3
			}, {
				"title": "dummy text 752",
				"qty": 762,
				"price": 754,
				"total": 574548,
				"level": 3
			}, {
				"title": "dummy text 753",
				"qty": 763,
				"price": 755,
				"total": 576065,
				"level": 3
			}, {
				"title": "dummy text 754",
				"qty": 764,
				"price": 756,
				"total": 577584,
				"level": 3
			}, {
				"title": "dummy text 755",
				"qty": 765,
				"price": 757,
				"total": 579105,
				"level": 3
			}, {
				"title": "dummy text 756",
				"qty": 766,
				"price": 758,
				"total": 580628,
				"level": 3
			}, {
				"title": "dummy text 757",
				"qty": 767,
				"price": 759,
				"total": 582153,
				"level": 3
			}, {
				"title": "dummy text 758",
				"qty": 768,
				"price": 760,
				"total": 583680,
				"level": 3
			}, {
				"title": "dummy text 759",
				"qty": 769,
				"price": 761,
				"total": 585209,
				"level": 3
			}, {
				"title": "dummy text 760",
				"qty": 770,
				"price": 762,
				"total": 586740,
				"level": 3
			}, {
				"title": "dummy text 761",
				"qty": 771,
				"price": 763,
				"total": 588273,
				"level": 3
			}, {
				"title": "dummy text 762",
				"qty": 772,
				"price": 764,
				"total": 589808,
				"level": 3
			}, {
				"title": "dummy text 763",
				"qty": 773,
				"price": 765,
				"total": 591345,
				"level": 3
			}, {
				"title": "dummy text 764",
				"qty": 774,
				"price": 766,
				"total": 592884,
				"level": 3
			}, {
				"title": "dummy text 765",
				"qty": 775,
				"price": 767,
				"total": 594425,
				"level": 3
			}, {
				"title": "dummy text 766",
				"qty": 776,
				"price": 768,
				"total": 595968,
				"level": 3
			}, {
				"title": "dummy text 767",
				"qty": 777,
				"price": 769,
				"total": 597513,
				"level": 3
			}, {
				"title": "dummy text 768",
				"qty": 778,
				"price": 770,
				"total": 599060,
				"level": 3
			}, {
				"title": "dummy text 769",
				"qty": 779,
				"price": 771,
				"total": 600609,
				"level": 3
			}, {
				"title": "dummy text 770",
				"qty": 780,
				"price": 772,
				"total": 602160,
				"level": 3
			}, {
				"title": "dummy text 771",
				"qty": 781,
				"price": 773,
				"total": 603713,
				"level": 3
			}, {
				"title": "dummy text 772",
				"qty": 782,
				"price": 774,
				"total": 605268,
				"level": 3
			}, {
				"title": "dummy text 773",
				"qty": 783,
				"price": 775,
				"total": 606825,
				"level": 3
			}, {
				"title": "dummy text 774",
				"qty": 784,
				"price": 776,
				"total": 608384,
				"level": 3
			}, {
				"title": "dummy text 775",
				"qty": 785,
				"price": 777,
				"total": 609945,
				"level": 3
			}, {
				"title": "dummy text 776",
				"qty": 786,
				"price": 778,
				"total": 611508,
				"level": 3
			}, {
				"title": "dummy text 777",
				"qty": 787,
				"price": 779,
				"total": 613073,
				"level": 3
			}, {
				"title": "dummy text 779",
				"qty": 789,
				"price": 781,
				"total": 616209,
				"level": 3
			}]
		}]
	}, {
		"title": "",
		"qty": null,
		"price": null,
		"total": 498939,
		"level": 1,
		"children": [{
			"title": "Sub Product 13",
			"qty": null,
			"price": null,
			"total": 498939,
			"level": 2,
			"children": [{
				"title": "dummy text 258",
				"qty": 268,
				"price": 260,
				"total": 69680,
				"level": 3
			}, {
				"title": "dummy text 259",
				"qty": 269,
				"price": 261,
				"total": 70209,
				"level": 3
			}, {
				"title": "dummy text 260",
				"qty": 270,
				"price": 262,
				"total": 70740,
				"level": 3
			}, {
				"title": "dummy text 261",
				"qty": 271,
				"price": 263,
				"total": 71273,
				"level": 3
			}, {
				"title": "dummy text 262",
				"qty": 272,
				"price": 264,
				"total": 71808,
				"level": 3
			}, {
				"title": "dummy text 263",
				"qty": 273,
				"price": 265,
				"total": 72345,
				"level": 3
			}, {
				"title": "dummy text 264",
				"qty": 274,
				"price": 266,
				"total": 72884,
				"level": 3
			}]
		}]
	}]
}
